product_id,location_id,Metric,Value
1,1,MAE,7.6620721959566405
1,1,RMSE,9.008860494973673
1,1,MAPE,11.32775122270247
1,2,MAE,4.007707483209253
1,2,RMSE,5.079005243496359
1,2,MAPE,8.74963397797319
1,3,MAE,4.7940932067818895
1,3,RMSE,5.714895027103908
1,3,MAPE,8.615811304190895
1,4,MAE,7.587339770371027
1,4,RMSE,8.858913785461123
1,4,MAPE,9.343511846874065
1,5,MAE,6.357762929806251
1,5,RMSE,7.462436378558868
1,5,MAPE,11.752969242720086
1,6,MAE,8.40468556579332
1,6,RMSE,9.597417554340181
1,6,MAPE,10.16741940855784
1,7,MAE,3.2249398886936036
1,7,RMSE,3.5743772512847736
1,7,MAPE,10.597347408381802
1,8,MAE,4.227846935544477
1,8,RMSE,5.3232498908663075
1,8,MAPE,9.16068466685383
1,9,MAE,6.939401109315245
1,9,RMSE,8.581136638200919
1,9,MAPE,8.037846654965247
1,10,MAE,2.740460116422141
1,10,RMSE,3.231623529692604
1,10,MAPE,10.23027806250379
2,1,MAE,8.190063824975274
2,1,RMSE,9.577726564704362
2,1,MAPE,11.435736558680155
2,2,MAE,9.618749122899278
2,2,RMSE,11.326454900417783
2,2,MAPE,10.327150635449955
2,3,MAE,5.9221051151200035
2,3,RMSE,7.138406583438998
2,3,MAPE,9.355515995762989
2,4,MAE,4.497460199037593
2,4,RMSE,5.460357797460907
2,4,MAPE,10.204392032814418
2,5,MAE,7.168826761183395
2,5,RMSE,8.5179493215272
2,5,MAPE,8.320373538298567
2,6,MAE,7.1794999167277265
2,6,RMSE,8.638896523978417
2,6,MAPE,11.368637511311487
2,7,MAE,10.720638465009896
2,7,RMSE,11.977907619065476
2,7,MAPE,10.697976200186208
2,8,MAE,2.882119969549451
2,8,RMSE,3.6823022751575465
2,8,MAPE,8.589313722882137
2,9,MAE,10.042280982463039
2,9,RMSE,10.882484030931055
2,9,MAPE,11.229687085044603
2,10,MAE,8.365484198986254
2,10,RMSE,9.77283318860175
2,10,MAPE,12.072914894801963
3,1,MAE,2.5655557154343116
3,1,RMSE,3.0367679311879257
3,1,MAPE,10.78520687541561
3,2,MAE,1.7710967876918937
3,2,RMSE,2.020956039515831
3,2,MAPE,11.137851946565094
3,3,MAE,6.2499998119716995
3,3,RMSE,7.551532161156918
3,3,MAPE,10.948450343586202
3,4,MAE,6.524355690494895
3,4,RMSE,7.574976662110902
3,4,MAPE,11.541418150873678
3,5,MAE,4.783392615873696
3,5,RMSE,5.739722455364029
3,5,MAPE,10.032875189226264
3,6,MAE,3.0072607478587416
3,6,RMSE,3.712661118432265
3,6,MAPE,8.799173238496895
3,7,MAE,5.357512861581918
3,7,RMSE,6.166566354213338
3,7,MAPE,9.898355601149516
3,8,MAE,9.452557125061245
3,8,RMSE,11.913280073702362
3,8,MAPE,10.5766063932009
3,9,MAE,8.638949441315898
3,9,RMSE,10.561090507232567
3,9,MAPE,9.178844169496674
3,10,MAE,3.7750709129951336
3,10,RMSE,4.489369643911191
3,10,MAPE,9.26084956775695
4,1,MAE,3.513186039816357
4,1,RMSE,4.168253046440543
4,1,MAPE,9.294864129107006
4,2,MAE,4.772144385373147
4,2,RMSE,5.4950633600207786
4,2,MAPE,11.629820834575954
4,3,MAE,4.220403182416783
4,3,RMSE,4.88866925376012
4,3,MAPE,10.09422928587295
4,4,MAE,5.377658657162937
4,4,RMSE,6.622887870545711
4,4,MAPE,8.391611851710964
4,5,MAE,9.37415015195115
4,5,RMSE,10.933674166682401
4,5,MAPE,11.2806760430882
4,6,MAE,7.456449595103172
4,6,RMSE,8.77350427663862
4,6,MAPE,10.47224674472833
4,7,MAE,8.081540910742564
4,7,RMSE,9.47853754097978
4,7,MAPE,11.040699498702287
4,8,MAE,2.863996491102189
4,8,RMSE,3.250692143937175
4,8,MAPE,11.57761186787868
4,9,MAE,10.808916483126646
4,9,RMSE,12.540268489877807
4,9,MAPE,11.028760600548447
4,10,MAE,6.038106521355464
4,10,RMSE,6.996363277077045
4,10,MAPE,11.079893086909522
5,1,MAE,5.519822931631167
5,1,RMSE,6.057251331002805
5,1,MAPE,11.523008753420237
5,2,MAE,6.783357925854625
5,2,RMSE,8.56022477573748
5,2,MAPE,8.22838923462806
5,3,MAE,9.664808332339243
5,3,RMSE,11.748507660276033
5,3,MAPE,10.672389018175952
5,4,MAE,3.367041998066219
5,4,RMSE,4.114145144062108
5,4,MAPE,11.786836040527756
5,5,MAE,1.7447463364628262
5,5,RMSE,2.1080490041389726
5,5,MAPE,9.669457434975357
5,6,MAE,8.792045771317836
5,6,RMSE,10.45442981680746
5,6,MAPE,11.106368185250371
5,7,MAE,2.519602777120414
5,7,RMSE,3.006325485384326
5,7,MAPE,9.507484501801077
5,8,MAE,6.29571755443972
5,8,RMSE,7.303714094680024
5,8,MAPE,9.289794198034636
5,9,MAE,9.236343683346464
5,9,RMSE,11.011902941168694
5,9,MAPE,13.021087202587283
5,10,MAE,5.571941023990484
5,10,RMSE,6.488582747995298
5,10,MAPE,11.690821139947179
6,1,MAE,3.781924846091468
6,1,RMSE,4.440029006922057
6,1,MAPE,12.595253974545637
6,2,MAE,1.471733601440532
6,2,RMSE,1.6165983122920329
6,2,MAPE,12.005370728072478
6,3,MAE,4.1338772977692715
6,3,RMSE,5.352547972470344
6,3,MAPE,8.4772537162127
6,4,MAE,8.337294942684345
6,4,RMSE,9.489391516266195
6,4,MAPE,11.617945916669413
6,5,MAE,8.086121787630129
6,5,RMSE,9.396221647163541
6,5,MAPE,11.226586206744788
6,6,MAE,3.283618387330219
6,6,RMSE,3.964408165509264
6,6,MAPE,8.736312759431769
6,7,MAE,9.675452914472555
6,7,RMSE,11.323205686009532
6,7,MAPE,12.845584281163067
6,8,MAE,1.5467175131225472
6,8,RMSE,1.8867906932219047
6,8,MAPE,11.333986357245857
6,9,MAE,6.749913328190297
6,9,RMSE,8.161735307348522
6,9,MAPE,10.081457573842338
6,10,MAE,8.825001960926778
6,10,RMSE,9.7512822960018
6,10,MAPE,13.094965559294883
7,1,MAE,9.149560415385146
7,1,RMSE,10.632150094190981
7,1,MAPE,11.57176532489131
7,2,MAE,4.55584471082009
7,2,RMSE,5.5271550787685015
7,2,MAPE,9.930289888802678
7,3,MAE,4.141641218961223
7,3,RMSE,4.832771630209797
7,3,MAPE,11.314284807414595
7,4,MAE,7.885383268176188
7,4,RMSE,9.307364207426804
7,4,MAPE,9.69755866598048
7,5,MAE,7.273982918565958
7,5,RMSE,8.520911893462177
7,5,MAPE,10.304178224651421
7,6,MAE,2.6703390757003933
7,6,RMSE,3.0740430836619037
7,6,MAPE,10.848818951096469
7,7,MAE,8.949614440604483
7,7,RMSE,10.239965537022993
7,7,MAPE,11.175134768010617
7,8,MAE,6.046427239614636
7,8,RMSE,7.0488929511920535
7,8,MAPE,11.42795520738233
7,9,MAE,6.9678627742498485
7,9,RMSE,8.480709258642143
7,9,MAPE,9.55541095223442
7,10,MAE,1.3255070556249222
7,10,RMSE,1.491694423427188
7,10,MAPE,8.91010065688814
8,1,MAE,8.506360356256632
8,1,RMSE,10.461092054546643
8,1,MAPE,9.081104585542917
8,2,MAE,1.6720934380690786
8,2,RMSE,1.9357336226111508
8,2,MAPE,11.097153030083536
8,3,MAE,2.371828837650127
8,3,RMSE,2.7364401466514776
8,3,MAPE,11.558279247609113
8,4,MAE,2.6997535402823343
8,4,RMSE,3.166150368746425
8,4,MAPE,9.521981454286395
8,5,MAE,4.475348883000228
8,5,RMSE,5.26268670905239
8,5,MAPE,10.970313710062955
8,6,MAE,1.4600760426726083
8,6,RMSE,1.7358984201955414
8,6,MAPE,10.870174744005556
8,7,MAE,3.9038377919380567
8,7,RMSE,4.646947753732028
8,7,MAPE,12.155703093997985
8,8,MAE,3.364876944181445
8,8,RMSE,3.9359341388448135
8,8,MAPE,10.936370843227548
8,9,MAE,5.595836921671145
8,9,RMSE,6.762706156833366
8,9,MAPE,10.226541885002211
8,10,MAE,9.729768425467295
8,10,RMSE,11.88595427522238
8,10,MAPE,10.23437910056263
9,1,MAE,5.738611108391814
9,1,RMSE,7.169618995202703
9,1,MAPE,8.721677854826227
9,2,MAE,3.7691682957765495
9,2,RMSE,4.439223126276632
9,2,MAPE,11.681044185566881
9,3,MAE,2.9121341409865
9,3,RMSE,3.4251000748032294
9,3,MAPE,9.979247196309961
9,4,MAE,6.903480868659395
9,4,RMSE,7.506859636730637
9,4,MAPE,10.476757949684256
9,5,MAE,6.9810753228214315
9,5,RMSE,8.428332835470318
9,5,MAPE,9.376369713099027
9,6,MAE,9.533142961959191
9,6,RMSE,11.049876505073666
9,6,MAPE,9.90912972184779
9,7,MAE,6.058468012866322
9,7,RMSE,7.013584221980367
9,7,MAPE,10.943751012271631
9,8,MAE,2.5301115369505025
9,8,RMSE,2.876542347028686
9,8,MAPE,10.638205579941678
9,9,MAE,9.781499033615164
9,9,RMSE,11.419529022068225
9,9,MAPE,10.43203272694055
9,10,MAE,6.381862437237842
9,10,RMSE,7.177688498411217
9,10,MAPE,10.009771922649593
10,1,MAE,11.488999033108932
10,1,RMSE,12.57408588714324
10,1,MAPE,13.37996687334941
10,2,MAE,9.055601297505925
10,2,RMSE,10.828881566519524
10,2,MAPE,9.596703479076034
10,3,MAE,10.535324629057685
10,3,RMSE,12.010376516742367
10,3,MAPE,11.128180822671814
10,4,MAE,6.650051941953092
10,4,RMSE,7.890378711856344
10,4,MAPE,10.09909272139981
10,5,MAE,2.098935966495537
10,5,RMSE,2.4778595976409243
10,5,MAPE,11.606679584251436
10,6,MAE,8.389206281314069
10,6,RMSE,10.17775116377048
10,6,MAPE,10.235323922828393
10,7,MAE,5.000239942168942
10,7,RMSE,5.4946788661604495
10,7,MAPE,10.4059984591582
10,8,MAE,5.605226265474226
10,8,RMSE,6.533494395088862
10,8,MAPE,10.736813427967396
10,9,MAE,7.004866878787399
10,9,RMSE,8.407079364441291
10,9,MAPE,12.660149536627818
10,10,MAE,5.5325687647715025
10,10,RMSE,7.053719780221112
10,10,MAPE,7.4480111880326385
11,1,MAE,3.1725519250973853
11,1,RMSE,3.799021013415417
11,1,MAPE,11.568648874212517
11,2,MAE,9.773848652570614
11,2,RMSE,11.29931137576493
11,2,MAPE,13.142861543816364
11,3,MAE,5.762589931963648
11,3,RMSE,6.753926299957644
11,3,MAPE,10.275530303461892
11,4,MAE,5.8657259455314925
11,4,RMSE,6.670944851089366
11,4,MAPE,9.527215684817806
11,5,MAE,6.048504803694865
11,5,RMSE,7.593667900976424
11,5,MAPE,9.120731597228762
11,6,MAE,9.956746391761753
11,6,RMSE,11.598734635134676
11,6,MAPE,10.696263217246077
11,7,MAE,2.788495430611172
11,7,RMSE,3.348089352882663
11,7,MAPE,9.175294073331346
11,8,MAE,6.181331569005126
11,8,RMSE,7.6057935484546455
11,8,MAPE,11.199873183702568
11,9,MAE,3.938666659463672
11,9,RMSE,4.578517592986192
11,9,MAPE,11.387153615616457
11,10,MAE,3.5849510772609494
11,10,RMSE,4.0869528883026405
11,10,MAPE,12.233087156310269
12,1,MAE,9.25060438018354
12,1,RMSE,10.700544798093775
12,1,MAPE,12.564644993637941
12,2,MAE,8.893237582263401
12,2,RMSE,10.362386262171572
12,2,MAPE,9.658094962082101
12,3,MAE,5.101540749748637
12,3,RMSE,5.670817787281265
12,3,MAPE,12.392478479073608
12,4,MAE,4.4389281443218405
12,4,RMSE,5.924840266036342
12,4,MAPE,7.336241942978594
12,5,MAE,1.2450369133663537
12,5,RMSE,1.5330160885489523
12,5,MAPE,9.814604006456578
12,6,MAE,3.780273298011872
12,6,RMSE,4.5852582510967625
12,6,MAPE,10.442775376284143
12,7,MAE,1.3638463864183854
12,7,RMSE,1.6082904968122345
12,7,MAPE,9.918457201472425
12,8,MAE,2.954669735569093
12,8,RMSE,3.5286729360849796
12,8,MAPE,9.678679596816748
12,9,MAE,2.1204471155388953
12,9,RMSE,2.466368566749549
12,9,MAPE,12.684931443369752
12,10,MAE,9.465007228965833
12,10,RMSE,10.566967982059273
12,10,MAPE,11.840163764194877
13,1,MAE,7.4283892434023375
13,1,RMSE,8.730566581546851
13,1,MAPE,10.302758526798348
13,2,MAE,6.976354552450315
13,2,RMSE,8.774087723793434
13,2,MAPE,8.67326013070829
13,3,MAE,3.107280123679339
13,3,RMSE,3.854758575344442
13,3,MAPE,9.285049572233966
13,4,MAE,6.1766804516730875
13,4,RMSE,7.30894118164286
13,4,MAPE,11.110430322512817
13,5,MAE,1.4700071026974928
13,5,RMSE,1.7957609060855073
13,5,MAPE,8.814068560721582
13,6,MAE,8.654378097288266
13,6,RMSE,10.018099879469412
13,6,MAPE,10.255864337853167
13,7,MAE,8.510989707062256
13,7,RMSE,9.852887436837966
13,7,MAPE,10.34568765701616
13,8,MAE,8.040440339583084
13,8,RMSE,9.398938196837472
13,8,MAPE,10.755030805206985
13,9,MAE,1.9586682902092762
13,9,RMSE,2.2931168610170634
13,9,MAPE,10.353486904352353
13,10,MAE,3.7212838974272535
13,10,RMSE,4.053921389393397
13,10,MAPE,12.183915732193688
14,1,MAE,5.259686047543778
14,1,RMSE,6.000272169089415
14,1,MAPE,10.463122016098318
14,2,MAE,7.987618875908301
14,2,RMSE,9.795663314093584
14,2,MAPE,8.75734192907052
14,3,MAE,3.7865042948211283
14,3,RMSE,4.470582850773099
14,3,MAPE,10.291780116254378
14,4,MAE,8.361038159104854
14,4,RMSE,9.95814163145158
14,4,MAPE,9.145160352828972
14,5,MAE,7.859612104186281
14,5,RMSE,10.36272952458805
14,5,MAPE,8.305187252200085
14,6,MAE,7.165705067201868
14,6,RMSE,8.84031628155357
14,6,MAPE,10.638530226578531
14,7,MAE,8.222188381576677
14,7,RMSE,9.676818141893389
14,7,MAPE,11.208359384027446
14,8,MAE,2.6627373121846736
14,8,RMSE,3.459124956976904
14,8,MAPE,7.460370260720278
14,9,MAE,4.7758278727176595
14,9,RMSE,5.8204808344152665
14,9,MAPE,10.23452939851536
14,10,MAE,10.256973535285915
14,10,RMSE,11.983473682885258
14,10,MAPE,12.805293118653683
15,1,MAE,2.7948886229415577
15,1,RMSE,3.3155465787876133
15,1,MAPE,10.72476145590268
15,2,MAE,6.962917054916172
15,2,RMSE,8.101422724039201
15,2,MAPE,10.563863733152914
15,3,MAE,7.661737558822415
15,3,RMSE,9.348906308542324
15,3,MAPE,10.872777774009217
15,4,MAE,3.2785474774669296
15,4,RMSE,4.012566658535488
15,4,MAPE,10.436252403348318
15,5,MAE,2.3911250703386826
15,5,RMSE,2.8694194012179217
15,5,MAPE,10.767855832107264
15,6,MAE,3.663654789564665
15,6,RMSE,4.205137130485495
15,6,MAPE,10.414827687780594
15,7,MAE,1.9358993044670132
15,7,RMSE,2.237663835178538
15,7,MAPE,10.725695867168614
15,8,MAE,6.547116468586577
15,8,RMSE,7.570702342189458
15,8,MAPE,11.795469470407847
15,9,MAE,5.716459128016406
15,9,RMSE,6.6514799371295315
15,9,MAPE,10.69694360965944
15,10,MAE,2.4631346971092207
15,10,RMSE,2.859247945989446
15,10,MAPE,12.878485844997979
16,1,MAE,3.6470121462439806
16,1,RMSE,4.359942052891611
16,1,MAPE,10.618675095660958
16,2,MAE,9.07190226177915
16,2,RMSE,11.845964472996375
16,2,MAPE,9.788063800511614
16,3,MAE,5.104956591499882
16,3,RMSE,6.416403139475893
16,3,MAPE,8.340727083634363
16,4,MAE,4.3435175672090445
16,4,RMSE,5.054004284256071
16,4,MAPE,10.545845426934362
16,5,MAE,1.5267497068329097
16,5,RMSE,1.8258674466631841
16,5,MAPE,9.353352853180107
16,6,MAE,7.980465714374366
16,6,RMSE,8.795147804708341
16,6,MAPE,10.615257898995555
16,7,MAE,5.730141210078932
16,7,RMSE,6.746472848812173
16,7,MAPE,8.288288861029317
16,8,MAE,8.464891714041977
16,8,RMSE,9.559038495783087
16,8,MAPE,11.619159508948545
16,9,MAE,8.364243221866463
16,9,RMSE,10.07566906506584
16,9,MAPE,9.525549241161034
16,10,MAE,6.529993810457876
16,10,RMSE,7.974660265847326
16,10,MAPE,10.328484203583496
17,1,MAE,6.750419130777986
17,1,RMSE,7.532305834831633
17,1,MAPE,12.050851243109701
17,2,MAE,7.037054060855356
17,2,RMSE,8.30055660632292
17,2,MAPE,10.007354420805378
17,3,MAE,2.7791611397726492
17,3,RMSE,3.480894617043886
17,3,MAPE,9.929081877752015
17,4,MAE,3.3496278485335416
17,4,RMSE,3.850832707606936
17,4,MAPE,11.559367357587908
17,5,MAE,3.640567410845476
17,5,RMSE,4.184721334318803
17,5,MAPE,10.150224238079671
17,6,MAE,1.3175358696237396
17,6,RMSE,1.5762152556336066
17,6,MAPE,9.42383735158002
17,7,MAE,1.1143301346118688
17,7,RMSE,1.3678332032691085
17,7,MAPE,9.325589169590891
17,8,MAE,4.031244599399703
17,8,RMSE,5.074215090806646
17,8,MAPE,10.913103225125125
17,9,MAE,4.628656477125301
17,9,RMSE,5.8715760282986915
17,9,MAPE,8.561099892466098
17,10,MAE,10.766375903147031
17,10,RMSE,12.469388738691979
17,10,MAPE,11.964954124873781
18,1,MAE,1.2255505340012645
18,1,RMSE,1.4098444235497019
18,1,MAPE,12.169833212473023
18,2,MAE,2.8713174033228994
18,2,RMSE,3.373405333521914
18,2,MAPE,10.17459203561515
18,3,MAE,5.313665288962559
18,3,RMSE,6.7433567859775145
18,3,MAPE,9.478578569052285
18,4,MAE,7.957079483833311
18,4,RMSE,9.11971050017918
18,4,MAPE,9.565237540913515
18,5,MAE,3.3616633488621677
18,5,RMSE,3.8376205817149023
18,5,MAPE,12.127179825201036
18,6,MAE,1.5827361520372463
18,6,RMSE,1.9107718202276278
18,6,MAPE,10.779057841927555
18,7,MAE,3.792433916189379
18,7,RMSE,4.502578038540975
18,7,MAPE,10.842645553733707
18,8,MAE,4.973755497903686
18,8,RMSE,5.610711461693529
18,8,MAPE,12.862822355199818
18,9,MAE,2.705677101072705
18,9,RMSE,3.0891458396169607
18,9,MAPE,10.613954040623064
18,10,MAE,6.177051378828358
18,10,RMSE,7.8044115072941755
18,10,MAPE,9.746793701558211
19,1,MAE,10.012713344960954
19,1,RMSE,11.650122631649058
19,1,MAPE,11.234499149706194
19,2,MAE,1.6138935029244337
19,2,RMSE,1.8745417442430024
19,2,MAPE,10.988565215100353
19,3,MAE,7.9267185217900895
19,3,RMSE,9.777632352125941
19,3,MAPE,10.056530170406749
19,4,MAE,1.825442826657975
19,4,RMSE,2.286002649274984
19,4,MAPE,10.549079684180871
19,5,MAE,4.942796458987145
19,5,RMSE,5.916004166000036
19,5,MAPE,10.315178434183919
19,6,MAE,1.4250107914907517
19,6,RMSE,1.6714645366900913
19,6,MAPE,9.871362548326958
19,7,MAE,2.5870393105473792
19,7,RMSE,2.997687671448796
19,7,MAPE,12.266731452335412
19,8,MAE,8.016754337057618
19,8,RMSE,9.564070474485506
19,8,MAPE,8.991571849214388
19,9,MAE,2.0863329744180326
19,9,RMSE,2.466885402378494
19,9,MAPE,10.164834557611755
19,10,MAE,5.17274558630507
19,10,RMSE,5.964125731306095
19,10,MAPE,10.731417215174153
20,1,MAE,10.596064508222154
20,1,RMSE,11.98208685952554
20,1,MAPE,10.487077817053327
20,2,MAE,7.698018022685785
20,2,RMSE,8.744562662108097
20,2,MAPE,12.156747959501043
20,3,MAE,3.037501500495835
20,3,RMSE,3.3219956273286337
20,3,MAPE,12.54561849427267
20,4,MAE,6.385456135398012
20,4,RMSE,7.706973431560269
20,4,MAPE,9.611640381784655
20,5,MAE,3.540086191469767
20,5,RMSE,4.448111899824531
20,5,MAPE,10.017195976556808
20,6,MAE,5.304942486633765
20,6,RMSE,6.305127635655449
20,6,MAPE,10.569050458005853
20,7,MAE,7.748384667745639
20,7,RMSE,9.051605289747814
20,7,MAPE,11.125197736540498
20,8,MAE,1.4708635508064585
20,8,RMSE,1.6237831937052296
20,8,MAPE,13.567883183081841
20,9,MAE,7.364882707205603
20,9,RMSE,8.684811868869092
20,9,MAPE,9.264470418703048
20,10,MAE,7.2295349816708265
20,10,RMSE,8.12559826197644
20,10,MAPE,11.948580802100626
21,1,MAE,2.198929581726605
21,1,RMSE,2.4296482091296294
21,1,MAPE,12.459539394691646
21,2,MAE,3.1159860312847774
21,2,RMSE,3.992294171786708
21,2,MAPE,8.302970849578177
21,3,MAE,2.4116429715554575
21,3,RMSE,3.104715167932411
21,3,MAPE,9.154439888078885
21,4,MAE,2.024076341324251
21,4,RMSE,2.3991626683453955
21,4,MAPE,10.641289670579678
21,5,MAE,4.775508853896288
21,5,RMSE,5.532363914665045
21,5,MAPE,10.717340933663417
21,6,MAE,1.1358817245453205
21,6,RMSE,1.335021145725399
21,6,MAPE,13.15818604467362
21,7,MAE,7.442007288506617
21,7,RMSE,9.963401692137154
21,7,MAPE,8.609962675968822
21,8,MAE,11.106585454052823
21,8,RMSE,12.75221121399836
21,8,MAPE,10.840007250945312
21,9,MAE,9.797530250558662
21,9,RMSE,11.544539792847898
21,9,MAPE,10.53681480722352
21,10,MAE,4.044979529634626
21,10,RMSE,4.677060901298607
21,10,MAPE,14.963410905354364
22,1,MAE,2.875727689088556
22,1,RMSE,3.5662399000584895
22,1,MAPE,10.019176464380413
22,2,MAE,7.585228525582182
22,2,RMSE,9.027693466743417
22,2,MAPE,11.048473861871793
22,3,MAE,3.027854260867242
22,3,RMSE,3.7160932304424787
22,3,MAPE,10.289937034880388
22,4,MAE,2.220981034693214
22,4,RMSE,2.601273595348368
22,4,MAPE,10.912333615978621
22,5,MAE,3.71289797579311
22,5,RMSE,4.456577842963681
22,5,MAPE,9.409893629180004
22,6,MAE,3.2611256742176313
22,6,RMSE,3.7292697868191573
22,6,MAPE,11.940347058407074
22,7,MAE,4.892718426299649
22,7,RMSE,5.75613449522964
22,7,MAPE,10.167409296942097
22,8,MAE,10.67250875285614
22,8,RMSE,11.908586087466592
22,8,MAPE,12.730217984333267
22,9,MAE,3.095618402176399
22,9,RMSE,3.6956389862363666
22,9,MAPE,9.778126949575134
22,10,MAE,8.793348644915095
22,10,RMSE,10.248108245545103
22,10,MAPE,11.27185937892584
23,1,MAE,1.8835634246891928
23,1,RMSE,2.161220981861353
23,1,MAPE,12.34312317865883
23,2,MAE,5.882510870071731
23,2,RMSE,7.14643772640169
23,2,MAPE,9.71656274484904
23,3,MAE,1.0211671082430218
23,3,RMSE,1.228638355751023
23,3,MAPE,11.09010854159043
23,4,MAE,1.583617302742449
23,4,RMSE,1.8958204007165411
23,4,MAPE,10.176637401311476
23,5,MAE,10.669389894513959
23,5,RMSE,12.085976442448692
23,5,MAPE,10.060051394050763
23,6,MAE,8.675816976076137
23,6,RMSE,10.043661954309743
23,6,MAPE,9.828984886232888
23,7,MAE,1.5818945054244153
23,7,RMSE,1.9199518607825874
23,7,MAPE,9.812778335920203
23,8,MAE,7.590402504300038
23,8,RMSE,9.62848393402365
23,8,MAPE,8.315083700806104
23,9,MAE,7.343443708866014
23,9,RMSE,8.351806374814222
23,9,MAPE,10.404833125840705
23,10,MAE,6.444368357881316
23,10,RMSE,7.9844984093210725
23,10,MAPE,8.950566319957222
24,1,MAE,2.189699712395418
24,1,RMSE,2.7358881426116475
24,1,MAPE,10.75810448931895
24,2,MAE,8.512418550095601
24,2,RMSE,10.510549720340734
24,2,MAPE,8.78756797767257
24,3,MAE,6.505804824901943
24,3,RMSE,7.144735353852473
24,3,MAPE,12.425057647777797
24,4,MAE,4.947612963808516
24,4,RMSE,6.105825213755386
24,4,MAPE,9.048235987818076
24,5,MAE,5.433689923971079
24,5,RMSE,6.189874924336193
24,5,MAPE,11.27488255305376
24,6,MAE,0.9055898801945006
24,6,RMSE,1.1666175926765245
24,6,MAPE,7.99758835079946
24,7,MAE,2.482207264405959
24,7,RMSE,3.097164446233582
24,7,MAPE,8.64441629410278
24,8,MAE,4.6031210486511736
24,8,RMSE,5.605390938252269
24,8,MAPE,10.109267982246209
24,9,MAE,1.2158626957892753
24,9,RMSE,1.4040865478976874
24,9,MAPE,10.722784515118798
24,10,MAE,2.107027970749842
24,10,RMSE,2.409182625879087
24,10,MAPE,9.929386261665366
25,1,MAE,12.27853268643548
25,1,RMSE,13.694109027591445
25,1,MAPE,12.172997899895874
25,2,MAE,9.551905434706336
25,2,RMSE,11.414077008943238
25,2,MAPE,10.45798048201835
25,3,MAE,4.376665750025196
25,3,RMSE,5.014103525261447
25,3,MAPE,12.650154196305657
25,4,MAE,2.876106866282759
25,4,RMSE,3.315179135868806
25,4,MAPE,11.799183238704284
25,5,MAE,7.140110473498699
25,5,RMSE,8.12240643779938
25,5,MAPE,11.453496708959118
25,6,MAE,7.361439490314813
25,6,RMSE,8.537889693822626
25,6,MAPE,11.796175698899606
25,7,MAE,5.2035829991829
25,7,RMSE,6.08672920095714
25,7,MAPE,11.549330359411577
25,8,MAE,3.2432087284383333
25,8,RMSE,3.549495920616833
25,8,MAPE,12.882803436417998
25,9,MAE,5.7188754009799965
25,9,RMSE,6.630615562194331
25,9,MAPE,9.535114917802026
25,10,MAE,7.9945704630830035
25,10,RMSE,9.39710350261165
25,10,MAPE,10.03803327665959
26,1,MAE,3.082144276214895
26,1,RMSE,3.6641638077966894
26,1,MAPE,10.585784830887594
26,2,MAE,8.533113504925298
26,2,RMSE,9.915691148566644
26,2,MAPE,11.377905745069452
26,3,MAE,7.062336175855473
26,3,RMSE,8.71982209108099
26,3,MAPE,9.352736032851091
26,4,MAE,6.996022588989169
26,4,RMSE,7.979305895635765
26,4,MAPE,10.598613300854861
26,5,MAE,1.5513830439262681
26,5,RMSE,1.8583657850038058
26,5,MAPE,10.54261512060656
26,6,MAE,5.7398428385917
26,6,RMSE,6.544116426973629
26,6,MAPE,11.432941757066015
26,7,MAE,6.31698675276379
26,7,RMSE,7.22268872895327
26,7,MAPE,11.171877938438122
26,8,MAE,1.9295906640914307
26,8,RMSE,2.228970713031107
26,8,MAPE,11.686443592248558
26,9,MAE,3.8348481009225424
26,9,RMSE,4.423205184388501
26,9,MAPE,11.342193485096667
26,10,MAE,8.440201079625371
26,10,RMSE,9.50160019984935
26,10,MAPE,11.187728218334719
27,1,MAE,7.993340312968955
27,1,RMSE,8.845523781517894
27,1,MAPE,11.352635930739568
27,2,MAE,7.601311223267387
27,2,RMSE,8.916641027913508
27,2,MAPE,10.188756294142557
27,3,MAE,4.0428484929930795
27,3,RMSE,4.99611164752243
27,3,MAPE,9.048432381762455
27,4,MAE,4.204288895171131
27,4,RMSE,5.037257652247665
27,4,MAPE,10.7726539804397
27,5,MAE,9.02024701328845
27,5,RMSE,11.030498147278468
27,5,MAPE,10.758594333860676
27,6,MAE,2.505417308189311
27,6,RMSE,3.0356631971655186
27,6,MAPE,10.187799274209205
27,7,MAE,7.904977686426948
27,7,RMSE,9.476292810110886
27,7,MAPE,10.74100179226321
27,8,MAE,1.391849777526635
27,8,RMSE,1.6107606237390577
27,8,MAPE,10.879452288268915
27,9,MAE,11.833969337702554
27,9,RMSE,12.958711611645931
27,9,MAPE,12.696760371905915
27,10,MAE,6.4080430494937595
27,10,RMSE,7.736020355639605
27,10,MAPE,10.322682625451531
28,1,MAE,7.600928429561638
28,1,RMSE,9.498581570878795
28,1,MAPE,9.054407328635872
28,2,MAE,5.821285147954455
28,2,RMSE,7.260651825928815
28,2,MAPE,9.191206387541428
28,3,MAE,5.3838742249101115
28,3,RMSE,6.684555786172264
28,3,MAPE,8.347153221646744
28,4,MAE,9.989609397922687
28,4,RMSE,11.32191911295752
28,4,MAPE,10.101120838659657
28,5,MAE,9.117776549205063
28,5,RMSE,10.824476211816187
28,5,MAPE,10.081997637927072
28,6,MAE,5.48677630291525
28,6,RMSE,5.9882342658402745
28,6,MAPE,12.806613758964321
28,7,MAE,5.588332514937884
28,7,RMSE,7.016433950635008
28,7,MAPE,9.62509234537066
28,8,MAE,4.757232166375856
28,8,RMSE,5.822942430921443
28,8,MAPE,10.196194196619006
28,9,MAE,4.776771069313123
28,9,RMSE,6.28621133783825
28,9,MAPE,9.223465941466321
28,10,MAE,4.306494429671171
28,10,RMSE,5.186703929491253
28,10,MAPE,11.101674437790118
29,1,MAE,4.932212061135298
29,1,RMSE,5.54167738094087
29,1,MAPE,10.898482393743357
29,2,MAE,5.8962088704596605
29,2,RMSE,7.1065683218091475
29,2,MAPE,10.613419089072403
29,3,MAE,9.900186597571082
29,3,RMSE,11.614375301438775
29,3,MAPE,10.257075775683248
29,4,MAE,2.7667819418292363
29,4,RMSE,3.1390808423371266
29,4,MAPE,11.563148886117428
29,5,MAE,5.624209516789973
29,5,RMSE,6.761592358838423
29,5,MAPE,8.940582736167759
29,6,MAE,6.531168968819893
29,6,RMSE,7.8924642100990505
29,6,MAPE,10.268990115105368
29,7,MAE,7.214138436958433
29,7,RMSE,8.96854001998541
29,7,MAPE,9.95421588549231
29,8,MAE,3.9398584032604114
29,8,RMSE,4.756430142898353
29,8,MAPE,10.2806825762012
29,9,MAE,11.301260661979786
29,9,RMSE,12.394825181554692
29,9,MAPE,13.638775198862549
29,10,MAE,2.7766571359429055
29,10,RMSE,3.2768611217863612
29,10,MAPE,11.223446520430318
30,1,MAE,4.503451275852638
30,1,RMSE,5.167375387956564
30,1,MAPE,9.902408638299333
30,2,MAE,1.696226653640455
30,2,RMSE,1.9758995312169256
30,2,MAPE,11.410273250041252
30,3,MAE,9.308036503047804
30,3,RMSE,10.559511130953576
30,3,MAPE,10.496567023121592
30,4,MAE,6.219814925584184
30,4,RMSE,7.795862478565338
30,4,MAPE,8.479967334713043
30,5,MAE,4.099756205839693
30,5,RMSE,4.789502157769744
30,5,MAPE,10.514894809209316
30,6,MAE,2.9336312271030085
30,6,RMSE,3.6213604705168687
30,6,MAPE,7.825835980285542
30,7,MAE,7.25778333290916
30,7,RMSE,8.751360779268875
30,7,MAPE,8.253160354578482
30,8,MAE,3.8342272980504704
30,8,RMSE,4.432833808089542
30,8,MAPE,11.41448584727211
30,9,MAE,8.183291865547108
30,9,RMSE,9.394349079654715
30,9,MAPE,10.87641801198083
30,10,MAE,8.476792763232085
30,10,RMSE,9.986742674898018
30,10,MAPE,10.864759279167496
31,1,MAE,4.8727226626097835
31,1,RMSE,5.732062043889239
31,1,MAPE,11.035068102956833
31,2,MAE,4.549158595781573
31,2,RMSE,5.690866357264281
31,2,MAPE,8.227017788659506
31,3,MAE,5.230478388903348
31,3,RMSE,6.411788005379176
31,3,MAPE,9.551207844434213
31,4,MAE,4.3208701691823235
31,4,RMSE,5.3207619841036005
31,4,MAPE,9.051112617716853
31,5,MAE,6.942243927050862
31,5,RMSE,8.22361839669387
31,5,MAPE,11.841988545631057
31,6,MAE,4.055245125794133
31,6,RMSE,4.916576846648076
31,6,MAPE,10.852119080948091
31,7,MAE,1.7518972709600864
31,7,RMSE,2.091907686648988
31,7,MAPE,9.864468190682791
31,8,MAE,2.7755876641331527
31,8,RMSE,3.229719956701896
31,8,MAPE,11.329681657865315
31,9,MAE,10.35707031063361
31,9,RMSE,12.38821638155617
31,9,MAPE,11.891080623335245
31,10,MAE,6.824166113904001
31,10,RMSE,8.535965723812907
31,10,MAPE,8.73964119171279
32,1,MAE,7.268067714830594
32,1,RMSE,8.671902673921887
32,1,MAPE,10.5791107595285
32,2,MAE,4.855189628829633
32,2,RMSE,5.886176244924978
32,2,MAPE,8.589366081443133
32,3,MAE,5.062995242999553
32,3,RMSE,6.4300746243748
32,3,MAPE,8.656117134163237
32,4,MAE,7.299407420961946
32,4,RMSE,9.085512999192442
32,4,MAPE,8.214233600610237
32,5,MAE,2.370803176780464
32,5,RMSE,2.692038419149016
32,5,MAPE,11.553372266125383
32,6,MAE,7.842060995201702
32,6,RMSE,9.18017553828032
32,6,MAPE,13.15300475093225
32,7,MAE,10.562120571145448
32,7,RMSE,11.867764401965799
32,7,MAPE,13.346397011678235
32,8,MAE,9.603786394040897
32,8,RMSE,10.953435755569707
32,8,MAPE,12.278707909073404
32,9,MAE,4.950149274686166
32,9,RMSE,6.10464390231791
32,9,MAPE,10.617173590285427
32,10,MAE,3.699122654735449
32,10,RMSE,4.327755535218802
32,10,MAPE,11.001316626323906
33,1,MAE,5.629788521720673
33,1,RMSE,6.420067373388572
33,1,MAPE,10.604387618597805
33,2,MAE,4.888360760841905
33,2,RMSE,6.0278104314839425
33,2,MAPE,10.470448967704368
33,3,MAE,2.3338989348825647
33,3,RMSE,2.6503029721021223
33,3,MAPE,10.728380695604292
33,4,MAE,4.41034937760347
33,4,RMSE,5.32437028534028
33,4,MAPE,9.095762624267826
33,5,MAE,2.388215176912102
33,5,RMSE,2.7673540880598697
33,5,MAPE,11.475560544089006
33,6,MAE,2.7244657320078844
33,6,RMSE,3.0699433909122926
33,6,MAPE,10.784941735259936
33,7,MAE,1.8037558252740358
33,7,RMSE,2.144338071345808
33,7,MAPE,10.815608641171488
33,8,MAE,8.87221005441938
33,8,RMSE,9.922056480667758
33,8,MAPE,11.586389552067027
33,9,MAE,7.323291003838756
33,9,RMSE,8.36359413844218
33,9,MAPE,12.31563392661521
33,10,MAE,3.7316970738321147
33,10,RMSE,4.656507272372141
33,10,MAPE,10.295825417521177
34,1,MAE,8.728398317537389
34,1,RMSE,10.370233123005873
34,1,MAPE,10.305971320256809
34,2,MAE,3.4793857032202284
34,2,RMSE,4.15960686130006
34,2,MAPE,10.3587625339227
34,3,MAE,4.316538299875344
34,3,RMSE,4.931712247026167
34,3,MAPE,12.813296188850218
34,4,MAE,4.118782499574074
34,4,RMSE,4.665707422902861
34,4,MAPE,11.576155559410982
34,5,MAE,2.692683986815609
34,5,RMSE,3.0463566293344013
34,5,MAPE,12.486067760907291
34,6,MAE,6.952640410312682
34,6,RMSE,8.802926070334454
34,6,MAPE,9.143597147463762
34,7,MAE,11.539067878644873
34,7,RMSE,12.919586529292117
34,7,MAPE,11.777066826950774
34,8,MAE,4.103403645254489
34,8,RMSE,4.942593966000331
34,8,MAPE,8.75602210241654
34,9,MAE,7.567793535821511
34,9,RMSE,8.827398439133917
34,9,MAPE,10.815360760870497
34,10,MAE,4.4816707544645125
34,10,RMSE,5.275288639943027
34,10,MAPE,12.725822202298925
35,1,MAE,9.020429780894462
35,1,RMSE,11.134661113442373
35,1,MAPE,9.185398492192089
35,2,MAE,7.604295331109535
35,2,RMSE,8.991836960802766
35,2,MAPE,10.139143398507365
35,3,MAE,7.259057865114647
35,3,RMSE,8.989742973437789
35,3,MAPE,9.583548201152402
35,4,MAE,6.620960025856587
35,4,RMSE,7.912755227324434
35,4,MAPE,9.61663383451506
35,5,MAE,6.159363003174295
35,5,RMSE,7.406919096698868
35,5,MAPE,9.792003040033896
35,6,MAE,3.7156361616575273
35,6,RMSE,4.211250207343065
35,6,MAPE,11.288763064808375
35,7,MAE,5.893011898552023
35,7,RMSE,6.858711708104114
35,7,MAPE,10.981076276349434
35,8,MAE,7.317940607775468
35,8,RMSE,8.51030226894519
35,8,MAPE,10.387844819278484
35,9,MAE,2.943062925291618
35,9,RMSE,3.388833337469418
35,9,MAPE,13.1380208855196
35,10,MAE,3.234244307393225
35,10,RMSE,3.7344438012397188
35,10,MAPE,10.012292770789186
36,1,MAE,9.042059521676212
36,1,RMSE,10.622589080215997
36,1,MAPE,8.713331825407531
36,2,MAE,9.342010877724045
36,2,RMSE,11.047480730648187
36,2,MAPE,10.223464400315132
36,3,MAE,3.768967290760684
36,3,RMSE,4.252215887117099
36,3,MAPE,11.217095032529425
36,4,MAE,4.958364168304279
36,4,RMSE,5.642080876452092
36,4,MAPE,11.064133940290546
36,5,MAE,2.1189351384413393
36,5,RMSE,2.472742022167456
36,5,MAPE,11.658409715261255
36,6,MAE,4.299953568465999
36,6,RMSE,5.093961433725899
36,6,MAPE,11.39007037462966
36,7,MAE,2.041800715182116
36,7,RMSE,2.276033440329928
36,7,MAPE,10.539194466752727
36,8,MAE,7.330592516994523
36,8,RMSE,8.694089547330831
36,8,MAPE,10.070763730287299
36,9,MAE,10.360649213422752
36,9,RMSE,11.41849457404114
36,9,MAPE,11.321746699012301
36,10,MAE,10.00644863153921
36,10,RMSE,11.778941976128086
36,10,MAPE,10.944526238351724
37,1,MAE,8.899458458257026
37,1,RMSE,10.688105562725399
37,1,MAPE,9.335246624528802
37,2,MAE,11.229871294157153
37,2,RMSE,13.229689108238594
37,2,MAPE,11.573055296674292
37,3,MAE,5.385879433268552
37,3,RMSE,6.1954279366724165
37,3,MAPE,9.867867822129442
37,4,MAE,8.775375983044
37,4,RMSE,9.854415296824069
37,4,MAPE,11.347303751294339
37,5,MAE,9.42202879634491
37,5,RMSE,10.953416887466318
37,5,MAPE,11.892386383349745
37,6,MAE,4.451375349305339
37,6,RMSE,5.195597666952718
37,6,MAPE,11.997533527796978
37,7,MAE,3.5265718339862384
37,7,RMSE,4.590820941837299
37,7,MAPE,7.075202292984499
37,8,MAE,1.810841776577716
37,8,RMSE,2.0343691292533235
37,8,MAPE,11.17995335036047
37,9,MAE,4.639098828228376
37,9,RMSE,5.558018444455869
37,9,MAPE,8.541288683279152
37,10,MAE,8.443523335579522
37,10,RMSE,10.364642717935734
37,10,MAPE,9.668582027560282
38,1,MAE,9.159896149595925
38,1,RMSE,10.461052680933093
38,1,MAPE,11.477254280630735
38,2,MAE,4.649540504969581
38,2,RMSE,5.465495795488363
38,2,MAPE,10.521021117661245
38,3,MAE,4.883398529975486
38,3,RMSE,5.704371616478752
38,3,MAPE,9.57013929645467
38,4,MAE,0.9490384380001686
38,4,RMSE,1.198409062127102
38,4,MAPE,9.043893867523515
38,5,MAE,5.783552369645607
38,5,RMSE,6.543972116370692
38,5,MAPE,11.846588957036946
38,6,MAE,1.5329064015965586
38,6,RMSE,1.7609564031920566
38,6,MAPE,12.156698500312794
38,7,MAE,3.9398161136100267
38,7,RMSE,4.4997998985986785
38,7,MAPE,12.695847827068324
38,8,MAE,6.107609794206321
38,8,RMSE,7.152729149211085
38,8,MAPE,11.190703544512758
38,9,MAE,4.951212851218279
38,9,RMSE,5.959466971977327
38,9,MAPE,9.931584768992689
38,10,MAE,7.519590035296765
38,10,RMSE,8.703310593915988
38,10,MAPE,10.467620357776772
39,1,MAE,2.228265814648069
39,1,RMSE,2.4484052987736864
39,1,MAPE,12.807584148499663
39,2,MAE,3.077255036432232
39,2,RMSE,3.4035118656462195
39,2,MAPE,11.78525439005545
39,3,MAE,5.416865809072324
39,3,RMSE,5.883136035079756
39,3,MAPE,12.667699402698352
39,4,MAE,3.719742356058944
39,4,RMSE,4.522477614227661
39,4,MAPE,7.678223731897835
39,5,MAE,5.670043674996854
39,5,RMSE,6.710519520432077
39,5,MAPE,10.408158657506599
39,6,MAE,8.780329859858833
39,6,RMSE,10.400237501657106
39,6,MAPE,11.78965613017128
39,7,MAE,9.741304852909542
39,7,RMSE,11.911836999423892
39,7,MAPE,11.479371409009875
39,8,MAE,11.022747512268584
39,8,RMSE,12.440147915925586
39,8,MAPE,11.938100219667945
39,9,MAE,7.085381533562214
39,9,RMSE,8.25165084374759
39,9,MAPE,10.865218862890224
39,10,MAE,5.24198334340801
39,10,RMSE,6.514328241599488
39,10,MAPE,9.228128294659037
40,1,MAE,7.547796247093221
40,1,RMSE,9.463008988921562
40,1,MAPE,9.404892190430054
40,2,MAE,8.335962853422537
40,2,RMSE,9.311756438488178
40,2,MAPE,11.790161016937569
40,3,MAE,6.690336307104109
40,3,RMSE,7.776229231756203
40,3,MAPE,10.011312212349592
40,4,MAE,6.182432414010422
40,4,RMSE,7.992718897309497
40,4,MAPE,9.470025951541402
40,5,MAE,1.6417050767773607
40,5,RMSE,1.8938152914031272
40,5,MAPE,11.693837317386256
40,6,MAE,5.826103956609248
40,6,RMSE,6.9316662318790145
40,6,MAPE,10.24783683951757
40,7,MAE,6.636745227795484
40,7,RMSE,7.732990613333641
40,7,MAPE,10.807825716284269
40,8,MAE,5.245816257391173
40,8,RMSE,6.066780397752427
40,8,MAPE,10.845576815172375
40,9,MAE,4.222341718574722
40,9,RMSE,4.902571287952735
40,9,MAPE,9.445019361866404
40,10,MAE,4.271718836458725
40,10,RMSE,5.006364687501753
40,10,MAPE,10.658509467218053
41,1,MAE,4.29480729192821
41,1,RMSE,5.178180277620933
41,1,MAPE,11.538179061001491
41,2,MAE,7.487708486891677
41,2,RMSE,9.171095460715659
41,2,MAPE,10.377414623937813
41,3,MAE,9.633819334332365
41,3,RMSE,11.263812263989148
41,3,MAPE,10.751913485698026
41,4,MAE,1.0733797469970987
41,4,RMSE,1.27566055086895
41,4,MAPE,11.298270159124169
41,5,MAE,7.439853872146285
41,5,RMSE,8.95236904316164
41,5,MAPE,9.641229869017454
41,6,MAE,4.478618622061032
41,6,RMSE,5.2330928521198325
41,6,MAPE,9.56879711287523
41,7,MAE,5.3879317094018555
41,7,RMSE,6.296464240614356
41,7,MAPE,10.094572093150903
41,8,MAE,5.788602725754834
41,8,RMSE,7.042780378035726
41,8,MAPE,9.831915700593903
41,9,MAE,9.174875313835859
41,9,RMSE,10.564154177444934
41,9,MAPE,11.812779487951445
41,10,MAE,2.469472988837062
41,10,RMSE,2.840774455957941
41,10,MAPE,10.37638643614045
42,1,MAE,6.543051595005811
42,1,RMSE,7.503259491734347
42,1,MAPE,12.580743845993519
42,2,MAE,9.581116211876402
42,2,RMSE,11.075171134561852
42,2,MAPE,10.35050057548034
42,3,MAE,1.044596050013385
42,3,RMSE,1.3622583793697234
42,3,MAPE,8.553246783212225
42,4,MAE,2.9096519075800944
42,4,RMSE,3.689261121204242
42,4,MAPE,8.77982604076989
42,5,MAE,7.425648468871996
42,5,RMSE,8.617407022808417
42,5,MAPE,10.842049886711708
42,6,MAE,9.00843404026995
42,6,RMSE,11.113187463429167
42,6,MAPE,10.244298716243575
42,7,MAE,3.047668020768791
42,7,RMSE,3.7135646604521826
42,7,MAPE,11.437373084727737
42,8,MAE,6.550321860023192
42,8,RMSE,7.772705217782342
42,8,MAPE,9.471142448357615
42,9,MAE,9.780848575515737
42,9,RMSE,10.93445476511217
42,9,MAPE,11.153335435593961
42,10,MAE,6.263265016683814
42,10,RMSE,7.082966310728355
42,10,MAPE,9.258312553872841
43,1,MAE,3.9446270572830366
43,1,RMSE,4.889340774316858
43,1,MAPE,12.344206776347065
43,2,MAE,3.1950867063004837
43,2,RMSE,3.817958316597679
43,2,MAPE,9.507393568948205
43,3,MAE,10.041120106307968
43,3,RMSE,11.69499893904985
43,3,MAPE,10.780000135010935
43,4,MAE,3.144655695968498
43,4,RMSE,3.657763562067326
43,4,MAPE,9.596131154562588
43,5,MAE,2.9727893026095518
43,5,RMSE,3.4914589719636258
43,5,MAPE,10.224034909484109
43,6,MAE,7.397757910832348
43,6,RMSE,8.64272720621491
43,6,MAPE,10.089670792122728
43,7,MAE,8.894712291690466
43,7,RMSE,10.812697580070186
43,7,MAPE,9.350505308394155
43,8,MAE,5.594863388960838
43,8,RMSE,6.564136628815192
43,8,MAPE,11.920367846086926
43,9,MAE,6.833989338154362
43,9,RMSE,7.735532305345748
43,9,MAPE,10.079624268875815
43,10,MAE,8.080876660341431
43,10,RMSE,9.494684021477699
43,10,MAPE,9.334403392825195
44,1,MAE,6.879689011614176
44,1,RMSE,8.690876703306781
44,1,MAPE,7.962871409262541
44,2,MAE,1.7444274012311043
44,2,RMSE,2.039955182415456
44,2,MAPE,13.147888749423931
44,3,MAE,8.721494790970443
44,3,RMSE,10.205276815136418
44,3,MAPE,10.204034937449213
44,4,MAE,10.636835907986526
44,4,RMSE,12.510747230913465
44,4,MAPE,12.088824265322694
44,5,MAE,4.972578245579717
44,5,RMSE,6.3507233290985825
44,5,MAPE,8.273672969020666
44,6,MAE,6.0902782456685145
44,6,RMSE,7.339621496903483
44,6,MAPE,9.977318800054661
44,7,MAE,6.829185719753918
44,7,RMSE,7.990857081158728
44,7,MAPE,12.008517319075333
44,8,MAE,4.531053955777945
44,8,RMSE,5.05404622109341
44,8,MAPE,11.808942594695818
44,9,MAE,5.275034968004949
44,9,RMSE,6.375585099432036
44,9,MAPE,11.228213572633923
44,10,MAE,4.924936170941762
44,10,RMSE,6.168844289099193
44,10,MAPE,8.112104698920522
45,1,MAE,9.760300586604513
45,1,RMSE,11.592836894336605
45,1,MAPE,10.671011819632154
45,2,MAE,6.862712116429182
45,2,RMSE,7.965718807024139
45,2,MAPE,9.436554451924678
45,3,MAE,4.576781428212196
45,3,RMSE,5.2642294599038575
45,3,MAPE,10.986823735520728
45,4,MAE,1.5279040130404486
45,4,RMSE,1.7636262491052634
45,4,MAPE,10.452192438277967
45,5,MAE,2.4698452981327383
45,5,RMSE,2.781524123989817
45,5,MAPE,10.845551183492336
45,6,MAE,3.1946270206162155
45,6,RMSE,3.6471785226384648
45,6,MAPE,10.71482096844699
45,7,MAE,5.063258986787004
45,7,RMSE,5.763800678363411
45,7,MAPE,13.363046956754065
45,8,MAE,4.457359490166979
45,8,RMSE,5.191866599093534
45,8,MAPE,11.562901848744197
45,9,MAE,1.5721582144681998
45,9,RMSE,1.8193561177367994
45,9,MAPE,9.918598514322637
45,10,MAE,8.184053692235022
45,10,RMSE,9.61395362597801
45,10,MAPE,10.615089984272053
46,1,MAE,10.55032750132875
46,1,RMSE,11.613147523496815
46,1,MAPE,12.621105306631526
46,2,MAE,4.724798881175599
46,2,RMSE,5.731826210149437
46,2,MAPE,9.224037578599628
46,3,MAE,8.705768986598665
46,3,RMSE,9.765157616520845
46,3,MAPE,10.802615098782711
46,4,MAE,5.401319212974831
46,4,RMSE,6.647627102603565
46,4,MAPE,9.249852575479906
46,5,MAE,7.130706768044559
46,5,RMSE,8.341876802653353
46,5,MAPE,10.586023673209267
46,6,MAE,8.058052843706381
46,6,RMSE,9.341088104532693
46,6,MAPE,11.68788174334499
46,7,MAE,3.00957129338673
46,7,RMSE,3.5213912149242104
46,7,MAPE,11.422305795058833
46,8,MAE,9.222651875053998
46,8,RMSE,10.835549004059457
46,8,MAPE,10.819980487692327
46,9,MAE,7.227572576999103
46,9,RMSE,8.295860892724368
46,9,MAPE,11.247749088812919
46,10,MAE,4.384310598451392
46,10,RMSE,5.134726654547352
46,10,MAPE,11.711254069451169
47,1,MAE,6.429566686897205
47,1,RMSE,7.411058836271858
47,1,MAPE,9.646303020318731
47,2,MAE,8.25261857618398
47,2,RMSE,9.56868495593168
47,2,MAPE,11.650433015103173
47,3,MAE,9.77910815861917
47,3,RMSE,11.188899503402133
47,3,MAPE,11.282992542457869
47,4,MAE,4.82007531212034
47,4,RMSE,6.210909502458719
47,4,MAPE,7.936273920626205
47,5,MAE,4.951127082762699
47,5,RMSE,5.777534646292156
47,5,MAPE,10.978805751928718
47,6,MAE,2.10848779146991
47,6,RMSE,2.3974379296997808
47,6,MAPE,12.612861786326372
47,7,MAE,10.976964786443682
47,7,RMSE,12.916876803945891
47,7,MAPE,11.159676439806484
47,8,MAE,9.851013282780734
47,8,RMSE,11.108543046955072
47,8,MAPE,11.24635647052694
47,9,MAE,6.439663053945323
47,9,RMSE,7.835148632655345
47,9,MAPE,8.328981982838918
47,10,MAE,1.534867676270611
47,10,RMSE,1.7502492749542764
47,10,MAPE,10.744789740176984
48,1,MAE,4.682227896521552
48,1,RMSE,5.5338918497988585
48,1,MAPE,13.250176533343222
48,2,MAE,2.098424692200883
48,2,RMSE,2.4803442868671652
48,2,MAPE,8.12643454094821
48,3,MAE,2.498197638389712
48,3,RMSE,2.92355332444734
48,3,MAPE,11.296386672841466
48,4,MAE,8.912464466126615
48,4,RMSE,10.636884596966542
48,4,MAPE,9.517947788011519
48,5,MAE,4.454026004103577
48,5,RMSE,5.456560982422103
48,5,MAPE,9.13989262550202
48,6,MAE,9.74579980557692
48,6,RMSE,11.807876406048722
48,6,MAPE,10.310226731810987
48,7,MAE,9.085951502243564
48,7,RMSE,10.764937479623415
48,7,MAPE,12.155277304676696
48,8,MAE,2.9202903705105467
48,8,RMSE,3.307346791012776
48,8,MAPE,9.490135702843235
48,9,MAE,1.585962419362731
48,9,RMSE,2.0631277798340606
48,9,MAPE,8.968411026989981
48,10,MAE,5.192171470616549
48,10,RMSE,6.108755605084517
48,10,MAPE,10.355478454775486
49,1,MAE,4.466603079528581
49,1,RMSE,5.183950507777854
49,1,MAPE,10.11735663047446
49,2,MAE,4.784954083948651
49,2,RMSE,5.536581934183939
49,2,MAPE,10.332357999308229
49,3,MAE,4.827232499222723
49,3,RMSE,5.913170528256555
49,3,MAPE,10.624173108604557
49,4,MAE,1.3856387948202686
49,4,RMSE,1.6622412132673638
49,4,MAPE,10.402151101827116
49,5,MAE,3.221751574994447
49,5,RMSE,3.696393844386778
49,5,MAPE,10.743704316914785
49,6,MAE,3.52182268829655
49,6,RMSE,4.184813959534585
49,6,MAPE,11.146597279784341
49,7,MAE,2.6639516707209805
49,7,RMSE,3.109550318662032
49,7,MAPE,10.100709281155886
49,8,MAE,7.852688883464038
49,8,RMSE,9.201039512758193
49,8,MAPE,10.532799691660143
49,9,MAE,1.3486617403096983
49,9,RMSE,1.629691456987881
49,9,MAPE,9.56276154136242
49,10,MAE,7.050076001020243
49,10,RMSE,8.442761129995732
49,10,MAPE,10.759770394456519
50,1,MAE,6.584925054334025
50,1,RMSE,7.812462325618161
50,1,MAPE,9.887657755527801
50,2,MAE,4.667059774100674
50,2,RMSE,5.467685677567358
50,2,MAPE,10.61866453704945
50,3,MAE,5.138215130456527
50,3,RMSE,6.309623658337788
50,3,MAPE,9.279195961351087
50,4,MAE,7.939430778419251
50,4,RMSE,9.534283239127506
50,4,MAPE,10.37610077936872
50,5,MAE,1.5650175582315942
50,5,RMSE,1.8873246168145361
50,5,MAPE,10.200920003964562
50,6,MAE,2.568297484127816
50,6,RMSE,2.9612729933227544
50,6,MAPE,10.881848812877742
50,7,MAE,3.032079412422138
50,7,RMSE,3.6331464017943276
50,7,MAPE,8.513654189446354
50,8,MAE,3.5375823934409447
50,8,RMSE,3.922523604612094
50,8,MAPE,11.78797211370516
50,9,MAE,6.880706106255086
50,9,RMSE,8.105520752777723
50,9,MAPE,9.680431673046476
50,10,MAE,6.169612011326707
50,10,RMSE,7.386940659451395
50,10,MAPE,11.009208842847867
